e0adeb0cfc8cf487cbaf547e5de0b9c43d4eb11b1cf7acaa1fc5e61544169e68dfdb79e8247a01ec21e1c96964214466ed594e6021b2ff3620c94a3ad9faa1bb,198.199.90.70,30303,Ethereum(J)/v1.3.9/Linux/Release/Java/Dev,1483888879.08,1483888758.44,1,4
0a8ed2493f8443fb9692f4f7aa0e554795db786e636f3096859591d495a92661d52e7ed2b2f07138ddc532477a33a5280d97d5a3975de4918a1b35f3cb6c6d90,208.68.39.123,30303,Ethereum(J)/v1.3.9/Linux/Release/Java/Dev,1483888885.59,1483888765.05,1,4
e69f4985fe64fa7fee730d8bc20b8888c89ab758c9400db2462562654fb2bd7ec9cc7bca44d8a5ed5d8945c9563b541536b0eca4245f41d4f07f32435cf29a7c,13.79.154.168,30303,Ethereum(J)/v1.3.9/Linux/Release/Java/Dev,1483888888.32,1483888767.13,1,4
d4f008148e26f74324e2ff3361ef7826de72baafecbac8b781ab33aa431bf643cab51913c9f4f5fe16b3cfcf54cff287d238e3109e7d67a2dcedce195f2df255,13.81.219.121,30303,Ethereum(J)/v1.4.0/Linux/Dev/Java/Dev,1483888888.32,1483888767.36,1,4
4e985b106c45b8462fb9b1726d2eb25fa5243280e6dbb4f927d4028b9e1e36a6983b96135c62d545bbad208da6f5e1689ab54d8f0c9cdb0bb81a8f7c2bff3941,198.199.81.85,30303,Ethereum(J)/v1.3.9/Linux/Dev/Java/Dev,1483888889.93,1483888769.37,1,4
5eaafaf53d403dd447cd8a60d3cb7ea9415a1dae8b21a55990d4313ab1672cfec66a8ffe908f78cc5f6b9520382c41ade43df72fb11c3f0eeb9f211c968d4f86,13.90.208.144,30303,Ethereum(J)/v1.4.0/Linux/Dev/Java/Dev,1483888894.63,1483888773.94,1,4
c0d5c9fcc76cec6333537a79c2a98268c68ad9fadb188b74695a711b565bbf5a06be219ae86ed50d34f6cc4f993960fa480d6e8612403f7d5e9ae50eb1efc343,192.34.58.235,30303,Ethereum(J)/v1.3.9/Linux/Release/Java/Dev,1483888896.07,1483888775.69,1,4
bab827781c852ecf52e7c8bf89b806756329f8cbf8d3d011e744a0bc5e3a0b0e1095257af854f3a8415ebe71af11b0c537f8ba797b25972f519e75339d6d1864,184.89.69.81,30303,Geth/v1.3.6-9e323d65/linux/go1.6,1483946418.11,1483946418.96,0.703898433447,4
b5adaab39ce155ddb63e0df85ceeff97e51e037e8547b6246c7fef2cc3d84514fe6b284f0ba26274a8a70702d09f55e8c04f32966c302a3549adc29a3b6e1e4c,13.95.152.38,30305,Ethereum(J)/v1.4.0/Linux/Dev/Java/Dev,1483888907.83,1483888786.61,1,4
f5161135f02c789b6f5d141d62be06acadcb4c9ba328e0099c257680f17f069f58ec2d9e6a36c05a4b8aeea57e542016c24fbb1b07ed66aee9639e82b5be300b,78.46.49.102,30303,Ethereum(J)/v1.1.0/Dev/Linux/Java,1483888913.32,1483888792.37,1,4
10cf6efefbc9b652d840899e66a254dd7574eac15a1fa79b6d598eb09e3656c9046689d6460dfdab1e323b7edf926e7a091bff51f3845cfe915cc5f410b2901d,66.85.79.206,30303,Geth/v1.4.4-stable/freebsd/go1.6.2,1483946418.11,1483946418.96,0.65277956295,4
25f25006a804450f11bb3e552f26c366ed8835c88e78fd85019528aaab1f87ab14706f040ab3929e59d00908b00ac94992d1b3780d7696822377ee80c9855806,195.178.109.65,13389,Geth/v1.3.6-9e323d65/darwin/go1.6,1483946418.11,1483946418.93,0.779112295628,4
5e04f82110c7f6660091b8a70eae38c8736359449fc5a4cf47f1c59dafd61768cf768062b0e99a6555f8730e4ae1366b10b8565012f65a14a88beca8fb7b0a9a,117.55.208.124,58153,Ethereum(J)/v1.4.0/Windows/Dev/Java/Dev,1483889485.68,1483889365.34,1,4
b853e8b0230d12d5d97da9e31ecde4c9d1b2d174902517f76b9c49a5c9b0a24406790450d34b362ee4ddd6b0dc20207c8b7c3b0461821ce4666646112bed0d8a,185.125.216.50,30303,,1483889465.69,1483889465.69,1,4
db783b11b3f11235712717b42a8276832b6990d3b6fa1f48d8a3b7d2b0e41b622da1136238efba54c946170ab9f97a5288d79b232d824478332202fedba5165d,217.133.106.243,30303,,1483889466.37,1483889466.37,1,4
4165ba53b8084fa3701b29e2f5f07bd7799dece6de641dfa335a8244c5bbead341a4b26f4e17346281059c07e0fb552f2cbd3ac9bb0eb6158db17ecfad022089,47.16.76.63,30303,,1483889468.47,1483889468.47,1,4
6d08587df22f08e30eeb75e2dcd3cfa153bd92dd651a3770fc7d0c19119f89900d1bc8300f4ca586e263f3593cad8663498724fb1e0a722e097e8aa356f48032,127.0.0.1,30303,,1483889468.97,1483889468.97,1,4
93f7b08efc55ab2a3694ff4d373058105f7de6acab35c503e5a42e8b668f419883fea185facd9a38a26f71d91ac1597eebfab4d0200dfdfb8d3141c660884330,87.206.104.69,30303,,1483889469.12,1483889469.12,1,4
7ae373a101081ea43c7ccc8d83a1af42ff4f60c2638dfaa6e3801136bb90bd396b4d5b31aa8adf9939106f0b0b2048977a94839546c0c9b69d4b1e63822f9e29,62.44.109.61,30303,,1483889469.21,1483889469.21,1,4
f8242e61b1387ce1b7f77414ee6307c35e81baf0f17e3f17f808636ec069a36fef35baf606eaedca782d1e362a80ec2a95c8df4c30e59ee596fa5a57f2cf292c,77.37.166.127,40404,,1483889469.39,1483889469.39,1,4
b25d8fb2b2d8bdaba6577f7b65281d42d177e39033ac6734cbfc87df650fc2d0e9435e2340e3b4e755ea9303b8b1238e194e82c652bbe9a7bfcf45c5068ed5b9,111.193.15.40,30303,,1483889470.17,1483889470.17,1,4
42a6abacda0c6180c98e36721b3b115c9adba237420c81ef725c598d037d59c58143de06eef32b7149701070703e321c61318b5b4507dad2c2e66fcb20fb7670,47.90.10.43,30403,,1483889470.96,1483889470.96,1,4
c801bede8ff5afd929e4052b251c027851daaff0c5fc421b128b6a46cefdd8902f53d1be52901555c6103b7a11041656070e19cbc7bf23efeb9cb78573d5dbfe,127.0.0.1,30303,,1483889472.14,1483889472.14,1,4
3af39da03da05d5b9e0ed4ae5a8581e581fdf8bc8e5391480000a52813be68e1f891239dd1236fd9a67a03187177c9d18fa28022f11479d33e07987f8a3e152b,78.46.49.102,44958,Ethereum(J)/v1.1.0/Dev/Linux/Java,1483889921.66,1483889801.46,1,4
3a6fc23eb0631df1bf56b59bc4b4a11cd0d6c10f995bacc88b3417a5a8127b43aa07991960a58fb89e304ecafa02dedd11e404430c5b3f51b999f7d6e9c19422,58.161.1.58,30303,Geth/v1.3.5/windows/go1.5.1,1483890140.6,1483890141.48,0.982227325439,4
a6653a13e9bc1b7ed3f2e11c39b3c750a119e054d44e94b5837dea2211f5e6c59e852d35b40b668995b4d3c58f5fc0badb0b73761f5d2eb473f69b85280f1979,159.203.235.86,30303,Geth/v1.4.0-unstable/linux/go1.5.1,1483890134.47,1483890135.17,0.48662853241,4
07372b5bb01ba5f8c75e26446bb2c28b415f5530bb07a0117cc20124183445c5a8e36985e7a6dd79c3be98e40f56519d494ab38034064427b6a6a8e244e71fd9,120.27.29.119,30303,Geth/v1.4.4-stable-8ea3c88e/linux/go1.6,1483890142.27,1483890141.28,1,4
694e4b3b53d751db608178866a722a35c70d3894282a258aa484d1e9ce6c98390fa41bf19dbc9f231132c52ceb4b7b8e1bd8f7cd6314cc3bd90526f789ece366,40.68.153.32,1120,Ethereum(J)/v1.4.0/Linux/Dev/Java/Dev,1483890673.11,1483890552.89,1,4
183fbfc5591034d554ea9f2c169a24f03c247e5273208d77acfc36eb782511202f69a54914d80409ad81c52498aa24da046fba85cb5773b2d6d022a2dd88e257,13.95.18.189,39528,Ethereum(J)/v1.3.6/Linux/Release/Java/Dev,1483890700.91,1483890580.76,1,4
48965304c2538b4a84de61b7dddcec4400b1eda4cda65ab1e0b7da196213d51fb367c00f2dc40a4fb33f5d06daf3a84f9bf0c106e1165190426f2e744f39c1f2,62.12.226.29,30303,Geth/v1.3.4/linux/go1.5.1,1483890792.87,1483890793.31,0.439071178436,4
8a4f6d5c6830815311e0b9d2cfb5c16a8290b241e0a5fe02600ac212dcfaf812866bd9396bea26c4948591ada50054091dda1fe0bff3692ae5d6269ffedfe1d2,54.162.185.21,30303,,1483890796.66,1483890796.66,1,4
fc3ace0a643862b099534da409fcef007ce2b52ff4e86a05c0ed1e36a4ce35e6396b468dc1bf91fbca95f66bfe00447cbbe567713edab08e08beab0d467202df,62.44.109.61,30303,,1483890798.46,1483890798.46,1,4
061454ce697a85915c12291af8b62126b16b94097981098684bde5a722ff2bbb2ebc595cb4ca9bd78b37c663e4bcab9be7fe30b2211ea1b1d7f5daa701079eab,124.205.171.2,24732,Ethereum(J)/v2.0.1/Linux/Dev/Java/Dev,1483891513.38,1483891389.32,1,4
e374a82d860b030b2df8d4dd1c48ca26ca994d003725b2112ad0bb7f66093142873c8e5988460e7e4051f4daed6b1991201d1599f5817db7060b2964096567e0,210.165.221.3,62674,Geth/v1.4.4-stable/darwin/go1.6,1483946418.11,1483946419.22,0.882163122654,4
1c53998bd85db8b53fbcc3747038c5a03dd6eb82803710fd8b519210648f3ea74b98602fb4916171f9350ce64a38bbce2dc1f7779b18c1dd5a2493c7201161b2,13.95.19.85,34688,Ethereum(J)/v1.3.6/Linux/Release/Java/Dev,1483892160.68,1483892036.38,1,4
20d444380f79eb1adfb5f02b2c5b3ed2558694e8d6dfe9271fff7dc82816c23232cfc503b271fc2a67946d3ec6661745928289f84b00bcc88099013d6d699359,213.154.202.174,30707,,1483892208.44,1483892208.44,1,4
467d8ac601a0f76e0a4a776b8dcdecf88afdb484de59f514c4c1412b48b27ffb48700388faf61b466b4fd0d9bc24ce699132da2db4f5e0de127ead2cb2a847d7,95.180.57.152,30303,,1483892908.59,1483892908.59,1,4
cdf232d7c891f0298f5e921a4b4b3a9ae25bc8491c734a31937cef82d75a4869c848a6168041bcfa2cf061403fe259be9b9cd2200a4fbbc113f72707628b5b9d,13.95.19.17,53792,Ethereum(J)/v1.3.6/Linux/Release/Java/Dev,1483893587.16,1483893460.35,1,4
cfa06146884fea6f3d351082bd017d222c172ba5d41e0a02c695f7662e3d1e132dc6fe7831478d06f8f38bf6f1483c9364d7b0b4fe42b51b78b493ccf6cfd21c,127.0.0.1,30303,,1483893588.81,1483893588.81,1,4
cf5da0f811085bcdc8c36c26bb7d2f6f9f31bbec5cd7c2bd706f490268f4fc5b3d7c0079b1e290f2fe66cb62f877529d0ae5c8fb4f596e8f775d359d63edb89e,127.0.0.1,30303,,1483893592.67,1483893592.67,1,4
d2ebc856629beb88d19140e2c23476340c61c6f04508fcc86553dee0c9d8b4ff7a426e51c97fbf2c4e26d0103020b8c752a9e8a3200cb93b38ded4e871aa0a92,52.27.41.212,30303,,1483894257.76,1483894257.76,1,4
d56f500c2e2ff5a8988dcaae7d153622495bc03ac7a37a7fc0d1e2c3f0e0964cd8b3f0cdf4ca060de1527f8a807d6126bbe087976567d3a88ba95ea8aa93f878,161.202.82.17,40402,,1483894261.98,1483894261.98,1,4
30043109af306c2b3f35bb4af47b8d8f4df3a4bbd6441c376328dc263de0df992eacbc44a8ecd867dae27155aff6b59551d0d0cfc392234c41bd1df9d3b042fb,13.95.19.17,60154,Ethereum(J)/v1.3.6/Linux/Release/Java/Dev,1483894976.93,1483894847.47,1,4
6f99d1c0e07b9cbf13bc80b52fc47a8f400b993c1f0af41620df99064d1d9394cdb06c14bf32f59a6389887d175e6c48fe945af66b1f949ca8fd24dbc98918a5,178.37.238.42,30303,,1483894926.82,1483894926.82,1,4
247a86459e8e9e8dfc24b3b336cf04f72fea33c9bfc6056efbb2129ecb5db73eb9a0969ea00141a5ea4346f222e2889ec35828637922b8eb89afcce86ca0cfef,13.95.19.17,32802,Ethereum(J)/v1.3.6/Linux/Release/Java/Dev,1483895122.46,1483895000.12,1,4
b02d4cee47de189d740773698fa29464bfd51898cd1e964006ee03682b4981e266fad0f7df2c666b6c61d3baf2b5c650c4cbe8faf87d801b23f6c5ac72574c19,37.139.11.47,30303,Geth/v1.4.5-stable/linux/go1.5.1,1483896255.88,1483896256.61,0.847321987152,4
1d71ca34bf0ce25e4ae1da92e785e1448e393e36a73ed97368efbebe481a3557ea61b55552571259db18d0561443efea9ec7b4fb921a7195ecfb3ab7b32c1196,88.198.93.219,30303,Geth/v1.4.0-unstable/linux/go1.5.1,1483896926.26,1483896926.98,0.721746921539,4
225bb3dea92fefbf22374d51b07262487960522255f42488039e9cb6f8797a17150674e2c25b5fdd7886c22e42ee6022db06864ae70adad92cd3a2924afbf51b,190.193.242.123,30303,,1483897595.03,1483897595.03,1,4
c7274cb18b6e0f4714338d3ee83ad2335dc0b09c88204c2199bfcf1a43c8313960d46e6b3e6a3a6c6482b273a37f61a796e50eb6194aa2e711fe5ec7f4573f46,176.249.128.53,30303,,1483897600.67,1483897600.67,1,4
b472faab86db7050bd4cf600bca297835745d64180d8fd1d58c3e79137608c9c9f0a3528fb50453d98aa490121d40c776246463083fbd665f26e35fc7c5f267f,159.122.239.126,40404,,1483897601.2,1483897601.2,1,4
2210c0822a2e14c05ecf014b9c000fc34cff6804814c24039434fde2b0a7d8794397c67b5e6a261ac85b8ed817fed73f053936602d1f712321138caaf1f4f754,13.95.19.17,48244,Ethereum(J)/v1.3.6/Linux/Release/Java/Dev,1483898487.13,1483898364.59,1,4
a8d9f11c0a3a237e01c4139160cb5f6c41bde9e2e35ddd0d10c28847fb86ffa689b78c2671c744e9a0cfbb2ddd867fb0dcbac821ea78093fb31b4f28caaf48ac,13.95.19.17,49008,Ethereum(J)/v1.3.6/Linux/Release/Java/Dev,1483898707.36,1483898583.51,1,4
630d876c325920c7561599865787ec0d83801ba09f691b54f7e9adac7b6f06464553f715317126861051e49ddb5f07e9d9509649f827639ecc26612ca3af4a32,199.167.30.143,30303,,1483898932.78,1483898932.78,1,4
c5d2706af2828b11dff6db09ffe7cdced920de6f803454c37172d6da54c5641368f547888ab78ba65bdec14c732186339d652c62408e03ebafccaec16af9eea9,78.46.49.102,56320,Ethereum(J)/v1.1.0/Dev/Linux/Java,1483899114.02,1483898991.63,1,4
a22ce45fd39a766a6b92876d19efc0f4ff716cfbe790844305c21b92f7159beaeea8a176fb28ffcd76b814a6273df632476de5c49ccbebc031881811e844fa1e,130.89.162.205,30303,Geth/v1.3.5-34b622a2/linux/go1.6,1483899589.73,1483899590.77,0.613701105118,4
77bd664e89c44b8ee440a203c8d5db0063a9ec851b7900fa0251aa226d09d9a1cf47db932f30fbfa914d8a1d2cea24d19577d66c7a9b0f5dbf2241b98e130437,69.164.193.129,30303,Geth/v1.4.6-stable-0f036f62/linux/go1.6.2,1483899600.97,1483899601.51,0.557090997696,4
e8c9fa914d8038ea85433575874eba07dc085412bf72a2a56f09e40c1fa6c51b4c07ea8d3c66d24c40838b8175d76f59c7889e51204628fce6dbfb48daf9bb9c,13.95.19.17,54214,Ethereum(J)/v1.3.6/Linux/Release/Java/Dev,1483899803.33,1483899680.81,1,4
a28033f33f5c2c6315c46f804a7972c8d74c0be07eaa271f1e88d82e290a6ea3b8e2d4d53589b0eec3b55ccbdd9d437394af14d30debf946f9e174225d6747a4,78.214.255.6,30303,,1483900271.21,1483900271.21,1,4
3839e9ddcefbf1b4708fdbe90e7ad0b019efdd69bc54385dd1abf31b0473e6d4ade9f320947bc9ed76883af5f93c8d83ed9862c4a792eeabb471ba6cc840a2de,50.181.19.93,30303,,1483900932.14,1483900932.14,1,4
974d8a805e11f72b4ea1c549b7f7e587ad25a67d672694fd8c4fc2451057351b2cb94deac90669fe6db517051857443118ac5613aaaef513b5c830628a935551,13.95.19.17,33702,Ethereum(J)/v1.3.6/Linux/Release/Java/Dev,1483901519.28,1483901397.33,1,4
c3c1f2be429e6165b3c7ab2cb566505189a032c7cbdf7ec450e9d9cf667d0722b918b2cc7fe3d5c9a17cc64b4c003707f70c158c5e992c0ba67f163a255aec44,46.21.110.226,30303,Geth/v1.3.5-34b622a2/linux/go1.6,1483901603.38,1483901604.07,0.931734244029,4
a88c4415044484ab24a359bef9f7030941dcabf5c1d933107359cb338a22d08068e2d9382f90f8b651846de773c22c5a0a9ec313f2169595cc498172da22d3ef,54.183.138.48,35544,Ethereum(J)/v1.3.6/Linux/Dev/Java/Dev,1483901797.24,1483901675.13,1,4
4de215d49ff5d57eb4ecb134465193f54c76dc582d301de06d1a37629deb5f0528c92ca91caaf2a6f9f2ffbbe1b4098002b0c3fc9b53d2cf18ab828a1b9eb7d9,50.90.123.78,30303,,1483902269.17,1483902269.17,1,4
106a4fbb4509ee3a145e9f07b33a3410281b035bfbc46e4055c543882a37930d0988c2a5241fda2cd00e63f927288f9b1ecbc31a8a9dbe4d333008ff30d15a51,13.95.19.17,39172,Ethereum(J)/v1.3.6/Linux/Release/Java/Dev,1483902438.58,1483902314.44,1,4
e9f9d13b4a119dacbc50d98a34dfd3766dd695f1eb951727f2c889dc511583637a4c86fc5e99fac0751d140fc7bbe618784ee1935da1a2ff1df2d0e787faf257,13.95.19.17,41670,Ethereum(J)/v1.3.6/Linux/Release/Java/Dev,1483903004.47,1483902872.11,1,4
b2bb9b25a41a61ffe1440a0e373415a073b21016bf923df6b43fc0147d98fc5e22d59855753111aeab52688ba5cbad30bd9da1d1b58320dff67e9aa3f904f814,13.95.19.17,48612,Ethereum(J)/v1.3.6/Linux/Release/Java/Dev,1483904458.67,1483904335.44,1,4
8be8e602de96bab9bb578493ce73095bbb2600ab49270bbffdb02963e7a7bf12ea82150de09edb22aa9d3c08ed49d05df348f6abd2d8039b52ba44540f57716c,78.46.49.102,53832,Ethereum(J)/v1.1.0/Dev/Linux/Java,1483905042.64,1483904915.37,1,4
c23e2febc5a39a1fcf1bad5c257199b8458cf64be490f6078b85dfbe54eac34052173a97742bd0eb1387ac9298f88f733381d0b4c13c008044b4128f171993f9,13.95.19.17,52162,Ethereum(J)/v1.3.6/Linux/Release/Java/Dev,1483905162.06,1483905039.14,1,4
9b3ed589e3b3e4c64898981581fdf451b90e7216734978f0787d0c0126df64e647d752842fdef75972e1a5b5d6e759f90dbd3dd37966d4d5403936342bec2a80,13.95.19.17,54144,Ethereum(J)/v1.3.6/Linux/Release/Java/Dev,1483905532.59,1483905409.97,1,4
f97e40159ab8d42b59ee16b3bba81962a596b820309a2e29562d3ed7a537fb19f6b7933047a66bbc2214d9fed505e6d1ffc1b0776e494df416616cbf0f4af0c2,73.183.107.34,30303,Geth/v1.3.6/windows/go1.5.1,1483905580.13,1483905579.31,7.37163507938,4
94d19b1612c96ac48fb276e8c7d39b32059447d29c6b7403821f38b91aa9ca4b4c5969357c1cea43bff9df1a806a85e57b923d67d28955065d7846479a7831b1,13.95.19.17,34388,Ethereum(J)/v1.3.6/Linux/Release/Java/Dev,1483907494.23,1483907371.89,1,4
8bd0489d4580f3368d108669826b68c0397d5c38214e6e31f1be478c19785a18b684d244558dee02048eaf9c16ba8266383179fea53b2cab29f962294d60909b,104.236.82.10,30303,Geth/v1.4.5-stable/linux/go1.5.1,1483908239.52,1483908240.35,0.558112502098,4
c9066ea63f12d7024d99048622048e405f9078b2b03c004f21f9dc1784ccfea561c5d09eee8b55e05f218e69186b04971eceacf798c158427127b4b53dbde6c5,127.0.0.1,30303,,1483908243.12,1483908243.12,1,4
81dccb94e49249c358881b664e05719277aba2456170640acd313d2d00cfcd3670409a8695f36ee3a346f5811c109fb1f3251d797da5051fa440a7ddc09b1e0a,54.183.138.48,48841,Ethereum(J)/v1.3.6/Linux/Dev/Java/Dev,1483908589.02,1483908466.92,1,4
76a46e8deb699f0b1a806111b4d82f38e2e8ba523e3f0cfcf35a85e6ce77804edddd976314eda396177c3574e6dc14270660d4336df8c85a9aadd08f9a71e3e3,116.58.170.57,30303,Geth/v1.4.6-stable/linux/go1.5.1,1483909582.94,1483909583.54,0.592360099157,4
e9ff3560069b5225f6b5bd4222e61410306cbbe5a8db6b75861b9c7b0f212f0fd6f2ec9265814419ebd874b697e8b60a5a7fd922ae8abd9f3cd308ee5d076d97,121.42.32.115,30403,,1483910255.79,1483910255.79,1,4
4ed760ff84bfd349b8bd818c4393c240f961a7c497780b1e85cbc2bd31b2354bb543f47c7b6770c542774b4ba2ed532a65177f6f71b5c371299cde083d0edb11,96.246.31.173,30303,Geth/v1.4.4-stable/darwin/go1.6,1483911576.03,1483911576.62,0.496333360672,4
70650bd9ce7504f7144c4eb75ac0a9e22f7a6fbb94824c0ea4bf799a8609979418fbdcdf2862ac4b2f10c25b3afd625b7ed8ccf9aa74d6f10fe3446116c1bd42,174.84.224.87,30303,,1483911571.14,1483911571.14,1,4
7cdf5f1f1065060f738cd2089931ff0ebffedee168f1dd4fa7e76755076d4f921748db645dcaf53076b43e2cbb8cc79101abe580698c8f278c4222a97919e1e2,31.17.144.240,30303,,1483911575.54,1483911575.54,1,4
60eee2fc812e9c835df333116741ec30ee54341ae3c0684d73ce94479a0fe2588e6ce8fdb6ab67dd2158b568355432edfd5b0ab78c961b6d94698c33a2fc8355,78.46.49.102,43182,Ethereum(J)/v1.1.0/Dev/Linux/Java,1483913292.99,1483913170.58,1,4
17192e7015141b1faa98144fc8c56c6a13b9e64b996bf3751899852df2fa752e4b47c38a124812b39bf30d51eed482d7ceab223a5af4d39c171141d83afede4e,52.213.140.224,30303,,1483913570.48,1483913570.48,1,4
80f228f9fe9c7a31950dbc643ff988e0b4b34d519521bb668e0018ea957a012ec108ab65d2318ddeb3639b644a4309f3a5a627ef9a1ab043b35afc2c9be9a00f,127.0.0.1,30303,,1483914232.52,1483914232.52,1,4
94763a9763f866e5c32d9c9b329d635f8c556cf38b1829069ce1f5b9d033692487cf4cd587e48ce1f5a8fec7f2a5e024ddc2d09c3fd9813f61b882eec715db73,127.0.0.1,30303,,1483914235.48,1483914235.48,1,4
01d5aba1a78ebcbdce5abcaec8050cfc3cd6fc5e8013fde88cc7a9943b9d3da9ceb5db3bd7d6ef60639f9dd5b045046d45bca058e66d2994714e200660683ed4,13.95.18.189,49606,Ethereum(J)/v1.3.6/Linux/Release/Java/Dev,1483915327.72,1483915198.69,1,4
03cbf75bddd07ae43240e645187dd8c6164e818b3dfde9c8de3610d3f2f8c2b78a3e743d8a3159eadaf973eabd1c793ca3b76982f171230deae23e132093003f,13.95.18.189,58150,Ethereum(J)/v1.3.6/Linux/Release/Java/Dev,1483916973.63,1483916850.08,1,4
ca083fa87852c4020ee62dec233eb9b3d6267094b58e2debd3c54f088716decbb33f7250ee5d96cb545cff77a76c4468a36ecd4c600b9b63bdc93140f9438637,78.46.49.102,35630,Ethereum(J)/v1.1.0/Dev/Linux/Java,1483918737.49,1483918614.16,1,4
06fae6cd782c24aec62722708a3b510021bfff07fee310160a09cdc5ec63455f8277d268d8dd49214333f7d0e344e8678beddeb4d1edd45bb20e5e45f9f0e7b7,73.10.217.115,30303,,1483918892.17,1483918892.17,1,4
95c3c0ee19febafb70c07647facc6166b9a4cf3ca6ea9a7196a336eae16882e5d96c5b47c868c690b261b75a39604cf357cea0531fdfc695343e82b195f09ba2,127.0.0.1,30303,,1483920207.81,1483920207.81,1,4
1bb1ab7834eb905838c8b43edf84159a77ebf3ae0d168d1c50a85ce0fead359d68fec8fabcb019e9afd9090d0b3311136be6ecb577d583c881caeabdf5b91ff5,74.121.72.152,30303,,1483920216.64,1483920216.64,1,4
1d4ef15645d74069c588727745acf9cd5385c0488b757a07c1b4456404dfcca3bfcac6beabd456db50f08bd6df23df44ef822c894e8e88726897fd0dc5e76210,13.88.187.86,30303,,1483920217.18,1483920217.18,1,4
ac4828912762c86b6d4a2986015dbb2d723acd0647a48f29307ba0fefc9e1d1132f19b8ae412da440241a69e124b0e4a20b3e657ecd64ff869ff437d5f0b33bc,127.0.0.1,30303,,1483920880.64,1483920880.64,1,4
a85b6f0546c9817cd89888a71c3e7f022bbb1234c96028885fc91e70989b4ac65ed1044ba8532ba443d580f8f7786bc26f27b0eeb46cec6f6146b1b4d0e0f4aa,54.183.138.48,32995,Ethereum(J)/v1.3.6/Linux/Dev/Java/Dev,1483923324.65,1483923199.18,1,4
82f67084319f16a105124b67bd53ebcfc5f4016e4066839d63464de6452d9af83ee7e43b8133d45bf32a10eef82ecf4c2c89fae63e6b339cb730670ef2aa9fe5,127.0.0.1,30303,,1483923538.53,1483923538.53,1,4
d16fd0945f8bef918f94c57883158d1fa860e0787dfde7f75ce1b4dd2777d03cc59b40c464047e1bf4b3368e1a93889509e1915d43d88e0fd883a816949be5a5,54.183.138.48,53943,Ethereum(J)/v1.3.6/Linux/Dev/Java/Dev,1483925363.57,1483925238.12,1,4
b4cb84df2c249340a4c8e6f5608ace745c601fe56fd7e13654a6ab8398491018cbd80a7b36a83b85dae930946b583385d492544e27bfc85984255a393b919f9c,54.183.138.48,60855,Ethereum(J)/v1.3.6/Linux/Dev/Java/Dev,1483925550.02,1483925423.25,1,4
e054d7c9df86a9f396793a9980102a1b0bfe7d39f890297447103941771a5fd8325e3d4881cc6e8498055ff561bd91ebf317dc29c6025ed13de798fd1b7a1021,78.46.49.102,51388,Ethereum(J)/v1.1.0/Dev/Linux/Java,1483925746.15,1483925610.58,1,4
297ee1e086e4a02f86732811b91dacdb798169cce8122ca6b29a29f1608e4042c4aa5d9594649552fd3d6e771beaea62bc4025469d7493859e02d70ac8fbe1dd,54.183.138.48,59004,Ethereum(J)/v1.3.6/Linux/Dev/Java/Dev,1483925840.05,1483925708.95,1,4
9fa0fbaec030c3b612b896fe5a882ff0d7882bec23895d96bd4a711c1128891a0ab6279a5c4b3fec74bda39edb3c4e98afc7e7f52e0b2a7fb4742a5be82e3145,54.183.138.48,40596,Ethereum(J)/v1.3.6/Linux/Dev/Java/Dev,1483926198.16,1483926070.5,1,4
6a83da8312f3c579afdead3a01bce6f296f1761a0c9d134d71e57621fdd7b77933f333f008d63891f6afe780cfab4517dd2dc48e97d0b0d79f1e9ddc2f7a8269,69.120.90.202,30303,Geth/v1.4.5-stable-a269a713/darwin/go1.6.2,1483926152.82,1483926153.06,0.365879297256,4
ff5dcbd15630660498af21f5ed0e5006d0c6ba52f73c102729844c6a9a2e3b3642f46a0f8ace893c19005de6ef6d85c7a545065f523f71b3d7a7cf0f0dadd95c,109.195.93.218,30303,Geth/v1.3.5/windows/go1.5.1,1483926153.45,1483926154.05,0.599346160889,4
64f4248435f2a6c6c64d54deae3f914856ba2806116ef131f88efc8a25fda6f3244922bf864998e75ca33e47c19e7339a06d7020c1a38945356e3bc9cbfa1127,54.183.138.48,42955,Ethereum(J)/v1.3.6/Linux/Dev/Java/Dev,1483926399.38,1483926269.1,1,4
b4e00c20a30655739bfff54c093dcea76f9d830a0da5554aa35e40ae9a555326a8ab9b3c12e2f7c5eba4febcf7598a77d3053d13bc9d6d1179e85b3b1bc721d3,54.183.138.48,46266,Ethereum(J)/v1.3.6/Linux/Dev/Java/Dev,1483927336.66,1483927206.43,1,4
83237b033c2f543da2f3bd2dd0bbf028d474e2d011070ac40c5f994616dc687e5dd73fc716e6bdf233a71bac9ba8a2902f6bba16c5e1268203f1ee607f26aa43,54.183.138.48,57382,Ethereum(J)/v1.3.6/Linux/Dev/Java/Dev,1483927547.1,1483927415.82,1,4
f2801b2c34647b32325e521d3fa347d6f6afdfba363541a9be9480cf74b37927d5de065ab7c6f850142d37d6d03c4988da56e0fc64d9313df7eb3258fc78da6b,54.183.138.48,51113,Ethereum(J)/v1.3.6/Linux/Dev/Java/Dev,1483927792.32,1483927664.55,1,4
be2ee8d7888046faba14509d47d5efc59a792659d5f7ec4aa5fbc590019d39749f5469b295f677b7ae795576b1bd0c4cddc5189bbb04e908ccb205e8f3ea7662,54.183.138.48,60807,Ethereum(J)/v1.3.6/Linux/Dev/Java/Dev,1483927808.68,1483927679.36,1,4
ca29b2416a9b029140db0708152801b58fbf4b2d12e1580029090d4a39a64b5222acc03991fac523f9ddeac88a7355214529ff05f7ececb3e5ec8305022a064e,85.179.22.249,30303,,1483928133.05,1483928133.05,1,4
690fb14ece7e324c24d648cfdcda4b5fe69668f74ca4e0ea17fe42c4ea3443e26a134bd8d5d2da6446c50cb0049bb84c7396daf6de4a8e36ee4d6813fce0e635,50.150.100.208,30303,,1483928134.35,1483928134.35,1,4
bb1702e2b44ed312e6a40e8b3a43e50fa4bec73ac8bd3c1509865918f3e9a7b55f225783f343c9782d57e89aad52e8bfe2a626b0bb237a9eacb8a846af44c2f2,127.0.0.1,30303,,1483928137.86,1483928137.86,1,4
d18ef1cf0bf00235bce00345cfd860ce017a3d3b781ebb7069c44c4464b5bbf7fa06fd9ac2384109686980d0ab3f6f739884744bd30910bb08599b10858021a5,54.183.138.48,42188,Ethereum(J)/v1.3.6/Linux/Dev/Java/Dev,1483928564.31,1483928436.75,1,4
5e57ce5cc766303322d095df0fd00b6ab7f9b99e731e1cdb09bd15e606b53ba601597966529e3f9609a589db9a568cc2abf4cd8d74d71874797b17c0c54e310e,13.95.19.85,44530,Ethereum(J)/v1.3.6/Linux/Release/Java/Dev,1483928614.72,1483928481.07,1,4
b4267125d24ae03b69da8a3545cda1ff6553fbd7697cc0c68d9926adefaaa3e2df5aaf7488ac13353b6d5580242f17b0a2c35c35de28fde8d4aae88c8b16ba22,104.131.171.166,30303,Geth/v1.4.9-stable/linux/go1.5.1,1483928791.59,1483928745.45,1,4
e6406e36711e125955104dd41a21c699fbcfd68fb9f08358b713c889cf658f7fb8daaed4668144c7497d4c57236b515bf130da4b342b0ed501a5c689946fe6f5,176.10.116.242,30303,Geth/v1.3.6/linux/go1.5,1483928797.86,1483928798.27,0.412313938141,4
3725bcfcd9a9e1c8669097b53fe774447eb2f0fc30a18aff51580c75b147ed16cea7b932485b811f912d8fc4495c9e8a085aaf4dd68dd6a4c36a97ce1354fb62,54.183.138.48,49257,Ethereum(J)/v1.3.6/Linux/Dev/Java/Dev,1483929160.03,1483929026.05,1,4
2471b45f37bc9a19fe88be41f13ae4d2a1f2c4ebbe9482f1e486655e6c8cfb286076e27d96b17854650368b721f277724b3f19030729991dc9daf1ef0159cabb,54.183.138.48,40329,Ethereum(J)/v1.3.6/Linux/Dev/Java/Dev,1483929512.12,1483929381.24,1,4
9e76348e0494c43db8a6c7702135920b64bc6e76b695254da48c3ad7a2a3d1e0702c8d22f06ad59d08ea25432c320215a1959b8ecb7f891556fa695fb0e4c5fa,77.246.247.145,30303,Geth/v1.4.4-stable/windows/go1.5.1,1483929441.84,1483929447.84,2.57097760836,4
4901c805a3c2e0ee7a93f677c2d428f991b85bf220e3d1de65ab082361907a4e3b1d6cc436fe8bb3f2bd7fc680480056ca730590fc0bf3b0188e30076bc126ab,161.202.155.76,30303,Geth/v1.5.0-unstable/linux/go1.5.1,1483929448.48,1483929448.61,0.420298576355,4
f5f06560d3909b1a837eb9b0b5a33c70b82a9f15c062f72e8cc6f909b850aae6334d22f6881347ae387bb9dee38b01f84907bc22904750ef042a6abea6614ef1,54.183.138.48,56124,Ethereum(J)/v1.3.6/Linux/Dev/Java/Dev,1483929715.65,1483929585.18,1,4
9d0ef2db974646444df22d96644a8cbbf4c618446cf6fdb6f9d75331bf86c0b2071889675324f2eed5b86f51b7b1c9edf294ead996b87d921f71c0017febfb4d,54.183.138.48,44061,Ethereum(J)/v1.3.6/Linux/Dev/Java/Dev,1483929854.7,1483929726.9,1,4
979fdeef1655d5f4a62a964f122d28d6f360a9fa597674e45acc614911c2d75b4cec53ee505843893d4babd9d64d06b94f0e8df4f62000927171e71682177e54,54.183.138.48,60350,Ethereum(J)/v1.3.6/Linux/Dev/Java/Dev,1483930065.02,1483929921.91,1,4
2c2fabac9ef114382168ce63cc24d0038c3e6ccffab964de33ba8365fed49071975bda418a97597bf51079d60049af44915ceada399ffbb1d6e0cecf6bf96775,66.147.230.39,30303,Geth/v1.5.0-unstable/linux/go1.6.1,1483930106.05,1483930106.3,0.261592030525,4
f22e1412546af65b692235d72b9ae72ed091b427b369f45140a4a6dc64789c5fdbe547ebf22c5e9131dfcaa265c16feeaad0095a3f00f34a827cbb729990785d,185.59.156.218,30303,Geth/v1.3.5-34b622a2/linux/go1.6,1483930110.82,1483930111.32,0.497159957886,4
e310e882ea6dc0e57472b21f9029d4633bc24682b032bcf19da7b9d70e1fde5dd3715b08c124b03e89c9069d980e77dbd6bbe8782668031d5c2a28c6569afb76,163.172.187.101,39340,,1483930111.95,1483930111.95,1,4
b4b912e53080a4ad683a71ec12cf41764ccdc25026314461a220d3eda42cd0fbc5aa048ffbb9ddff6d29bc53d5ee53ed92aac6f66512b74f7ea3e83f26663f07,127.0.0.1,30303,,1483930112.52,1483930112.52,1,4
dd3d604991b0847462904393cb1853394334e8ccad0d2ce59bed5a26fdaa077c63b16ef3fce611fc5a9a780366de8fd4861b1dc659f729cad4f6d595b54f9a61,54.183.138.48,38236,Ethereum(J)/v1.3.6/Linux/Dev/Java/Dev,1483930519.73,1483930396.85,1,4
2d8c572c11b9899c7213f273facbcf3ff27afff80f7c903eb752b6e97cca325e0e1ef3f447f3ac560424d7da8eb99896df0afef21ce08cf5928f3562596a28c1,54.183.138.48,52763,Ethereum(J)/v1.3.6/Linux/Dev/Java/Dev,1483930711.38,1483930571.92,1,4
cfdc3aa8c21d878e4a3598d1be87dd0837055690477a29ea77a1df855fcbaa44e6c609b4ca0a019f97fa8ef2b4b76bee804d9d8eb24d5224359fd79b38fdc923,137.110.49.182,30303,Geth/v1.3.5/windows/go1.5.1,1483930763.92,1483930764.31,0.334737618764,4
53b8a19337072c91591c5f1bedaca5d6b8c3068951ee52caf64ee67825b5db0d1358671248d8bbc089ff9f3c8639906cc1b2e4a04b9d61155d7e417f2809a7cc,183.131.213.33,30303,,1483930762.23,1483930762.23,1,4
52bc3c565af178ff62974c6b4232ebd63db3afbdbe4f21ffe69a0b5aba494ea6262b44ecfc31ef66bc48d96e3ad74cd501245c51301b800fb56e85c6963901ce,54.183.138.48,44241,Ethereum(J)/v1.3.6/Linux/Dev/Java/Dev,1483931008.07,1483930883.24,1,4
ee6c634a9fa99ffcbd457314f82675a6435a33b185d86ff920ceb7bf3566096f664674ea87244e3ccdef71fb2637a75b49cc922e8decc6ac53644edd2049dbab,54.183.138.48,50278,Ethereum(J)/v1.3.6/Linux/Dev/Java/Dev,1483931464.73,1483931342.54,1,4
9fa79b095b70776bb22932fc972c5c34cf164e344762bab410996c2f933d39add9277fa7d2be81c71698902e3e3eedd7c6f264b23c2f49788c0192d2e48b190c,161.202.155.78,30303,Geth/v1.5.0-unstable/linux/go1.5.1,1483931413.96,1483931414.36,0.911070267359,4
9b46b955016579884dc53b4e486f0c3dde30bec3c1e55607ab17c9ce44053b402e2a5de3217efa125ffa2e978a580b0f11153ef09747d23957a74e0766e21a8f,54.183.138.48,56257,Ethereum(J)/v1.3.6/Linux/Dev/Java/Dev,1483931957.26,1483931829.43,1,4
06c62cd0d4ee11e0d836cfcebdb724eb51acef5912e1b0f118998b12d26321035a9b3bfb26a9d734dbc09f107221018785bbd1cd811dfa8defdd11751822a31c,13.89.54.202,30303,Geth/v1.4.0-unstable/linux/go1.5.1,1483932065.72,1483932066.08,0.51514395078,4
b0f0ce9e1dd5515a23758a6bba29751440441ee3cdbde24a7e823c7b8ece7dce320da7da0ab6452971b0f72fea237a527a9099b330bc6e4f8e542623768de349,54.183.138.48,40562,Ethereum(J)/v1.3.6/Linux/Dev/Java/Dev,1483932269.23,1483932146.29,1,4
0c40fdf4f0571d3e6aa672867d8d73b99a98aa1fbc7cb000479ccfc22646cbefbc3d18f4dd08ab70e628dcb88f9759ca7daebf254e270c93c928c6620cf57fc3,54.183.138.48,35185,Ethereum(J)/v1.3.6/Linux/Dev/Java/Dev,1483932523.44,1483932402.08,1,4
b1b59a7c857365c7aacfe557694231158542fe20efe8f480c220a9812c606426ef6506f3936524e6571d1f71f8de66122f4a1e672809af8d0a3851e2e43f2379,174.84.224.87,30303,,1483932715.58,1483932715.58,1,4
3df3ceb0c793823809acb4350012f82a9cce02094e4b148f7ebcd093748b49381768c802a1fbc07c85d4f9f44c8d382dc56d36e4d3b721ff730a3c618baf28e8,91.112.93.218,6325,Geth/v1.3.6/windows/go1.5.1,1483946418.11,1483946418.96,0.866140587065,4
549e6da13775b416021cded0bcf015113f631fad8307ce591b064fdd5e8cde96748228b8b755f5ac92b8820818f07341c02f0637eba4cfc22746d22c87b3687a,54.183.138.48,39822,Ethereum(J)/v1.3.6/Linux/Dev/Java/Dev,1483932886.75,1483932763.31,1,4
58ee2710c26db8ae9ecc2d0a4a227f53b4762c715c47a98e3f6c7322ea3d70f06ba9b21a96b07a1b8f2ebb9ff2a4c930749b3967db2ecf0270621213f77b1a47,54.183.138.48,49109,Ethereum(J)/v1.3.6/Linux/Dev/Java/Dev,1483933107.18,1483932980.02,1,4
edffe4022f884052c7058f18e6eab390c5ce196fd51b7cedac27bbd7c9629a72319a64cf33f030dc53c7d4c9d071571fbaa079cf45853dbbef6596e0b476b851,54.183.138.48,43591,Ethereum(J)/v1.3.6/Linux/Dev/Java/Dev,1483933205.66,1483933082.93,1,4
2d630f8164b5b39ac21dacb75320e7a4cac6e7329aa8a7aed4d7a208668db8e90b1974ea17b882b345e4c4f171fb8725719d753b6f4c45b6d7c0c98b5024b2d8,37.59.32.180,30303,Geth/M4NING4/v1.3.6-9e323d65/linux/go1.5.1,1483934015.8,1483934016.56,0.593210617701,4
9a6bae07a5fd56c5a5134eb3256238f49ab4c6bd584d07e9dd71274919f9f02fae209b7a2d12655d43d9b7b26e4b9b70e33674c6a0abca5a6215e11480d82c89,5.9.11.121,50315,,1483934022.82,1483934022.82,1,4
b23cffda998342b8a082bbd10c76abee6d893694bd308be8d2273ed74c95d3294b7a83bacb3e04f7eb255f669b4e42d6bdcc7ce9ebe7b68086b902927b9b1a12,127.0.0.1,30303,,1483934026.53,1483934026.53,1,4
053691ab4e59f8bedfa19c08944dc008c8a263f79b6a9b76c06c1cda76e4adff38afe88cdf42a6cf716c406c7cc4d9caaecc6edec7d4268e809c35556a2edb02,78.46.49.102,54258,Ethereum(J)/v1.1.0/Dev/Linux/Java,1483934234.93,1483934112.26,1,4
f34526538b353db337137166aabc269346f103c5930bc3d6556d0f78d00a8cc896f93f10e707d983ed434d3f4376a676afe70e85be1c0f377f20eab589be4fea,54.183.138.48,56891,Ethereum(J)/v1.3.6/Linux/Dev/Java/Dev,1483934279.44,1483934154.46,1,4
9e4baee8a0e7113c4b3930da627c1f9167d65c594c47650023bed11f83bb8cd1419283ae535b80ad6ab519f71464f3483f3cb8529dac34bc92925f6e96f9aa45,54.183.138.48,36528,Ethereum(J)/v1.3.6/Linux/Dev/Java/Dev,1483934657.81,1483934536.86,1,4
fcf3f9dbab70fcf9a300dc817b81e2d6007148d97dfac99684d1d8bb5993ab9decbe7a7b047bf02b179f4252a7a0e94f765e2bfaf5971d94bde1bf1db6b81d87,54.183.138.48,33992,Ethereum(J)/v1.3.6/Linux/Dev/Java/Dev,1483934688.15,1483934566.08,1,4
1ad53266faaa9258ae71eef4d162022ba0d39498e1a3488e6c65fd86e0fb528e2aa68ad0e199da69fd39f4a3a38e9e8e95ac53ba5cc7676dfeaacf5fd6c0ad27,139.59.212.114,30303,,1483934671.4,1483934671.4,1,4
9fbb8838e89f03dbb160f6a963dc3375cf80ad9154a86f5bc776e835661de5a5f95b5c31b00285879d6cd209cbf01c31ce5e1fad9b0da5ba615d1eaabfd52a82,71.175.8.87,30303,,1483934674.65,1483934674.65,1,4
49cfa090608bdf9bab346ac07e2c6931ae8cf66348ee15696ce01d816a8474ab6824336a94e20fff5963d66091f03d4ab70007802fb8e07b25f12e53086ed437,54.183.138.48,38277,Ethereum(J)/v1.3.6/Linux/Dev/Java/Dev,1483934842.75,1483934720.63,1,4
1d273c4a5e5990a7c52c87000e62c0b4c15ff68c1b566121c7815838a7c21ba212b0518a7a21cc220d28140a9938ce5d387cba2e6de0c23ddd358b23518ff4e4,54.183.138.48,38969,Ethereum(J)/v1.3.6/Linux/Dev/Java/Dev,1483935085.67,1483934961.22,1,4
15014346ee6999af09ff643dc73f9efa040ee1dac5d4ffacf73e7efb7d8d5958baef742514b86198e67d391d278d03449f1ebf3b375a6eba2ee98cc318c5f288,13.95.18.189,58402,Ethereum(J)/v1.3.6/Linux/Release/Java/Dev,1483935280.28,1483935157.76,1,4
f841ad6d38e786f43b14e22ab124fb77057ebbfabd2f108a24a9ceaf8254f5dd40018df987cf4289948da2e241d7feb95515c5a77a3729f037a96cdd4f590b55,13.95.18.189,58406,Ethereum(J)/v1.3.6/Linux/Release/Java/Dev,1483935280.57,1483935158.27,1,4
6d61c37c622d811b0f32163de4c553945f6effc82b9570f3e6999a5726f238d5b4a66e2f700cad89cf0cdacd4243856ca9e2718cceed9dca5333557ffbfb3be6,62.44.109.61,30303,,1483935325.16,1483935325.16,1,4
288b97262895b1c7ec61cf314c2e2004407d0a5dc77566877aad1f2a36659c8b698f4b56fd06c4a0c0bf007b4cfb3e7122d907da3b005fa90e724441902eb19e,50.181.19.93,30303,,1483935330.04,1483935330.04,1,4
3ec6274107939e7502acdb248856b886380c9cfb8ad8e7839a8f27d35d3f58434021a79495517db62d129a25d434d1e237451015dfbd03940a383511b80758e0,54.183.138.48,44234,Ethereum(J)/v1.3.6/Linux/Dev/Java/Dev,1483935481.15,1483935359.28,1,4
73a4e2abfa5aafc5274e4c17597ae408da28df6badcd3b015ab873baa78f736f8a5390bb053668844725627ba9a35fb001d139fd9a05db5e5b7d6284b105e816,54.183.138.48,45430,Ethereum(J)/v1.3.6/Linux/Dev/Java/Dev,1483935521.52,1483935399.42,1,4
86e6003ece3676180fa3f72e3eb028d17490b8b5e110ed6a312d7a6d5865b5212fcfdb486d35c9d981082967ca0faa294a2bafb11e88101edefc0d1bcf335dad,54.183.138.48,48770,Ethereum(J)/v1.3.6/Linux/Dev/Java/Dev,1483935866.74,1483935742.15,1,4
d9f5416c3a92555bd49bff3647612dcee0e0eeca6bf96a4bed5f42a71246f85d3f1504601c368a0c6a879af4cc0b8b96cb9211ab4dc27155d306ed2f6c714fe8,54.183.138.48,54792,Ethereum(J)/v1.3.6/Linux/Dev/Java/Dev,1483936383.25,1483936261.94,1,4
242bb9252f2999f1b0a3f29e0d655751f1fd5a1588083ab0d453e898f0675e92e8fd75b4e4962063c85e4611d7cac7f13ca460555c33333f7305d2b5baaea0b4,71.233.94.87,63813,Geth/v1.4.9-stable-b7e3dfc5/darwin/go1.6.2,1483946418.11,1483946418.96,0.576437535845,4
00fdc5762d5ecdd0b6a32e535f28ff85788680e117c7fdb458b0677ead71d75df6116a3c888132a12f22f625e8bcf4dadbc79b22db326cb42b92b0342bca1749,127.0.0.1,30303,,1483936640.5,1483936640.5,1,4
889e055594f7d261a768f8f98ea383a7ef738a930808d180d79e33200bd106a615fc3e37b1010f51c8175ddd14561f7d754fbc24bf36948778868c73e04e4861,161.202.82.13,40400,,1483936642.52,1483936642.52,1,4
f07a0eed58f90c3aedfefb5847588f8371f3afcd7508573350e9e8e8c8f57045ec9d4bd03631a7ee3bd6c9ef4f9f70fbd8eae74b7af168b8a554875570d0fb34,54.183.138.48,34153,Ethereum(J)/v1.3.6/Linux/Dev/Java/Dev,1483936920.33,1483936798.83,1,4
d395118eaacce4ac5e63c846e6656806d26d60ad84feeb3e734abc586370abeb89bd97fa40537e1dbd5cb27f9b65858085f9619bae26d3cba21bfe3d5958ab9d,54.183.138.48,36534,Ethereum(J)/v1.3.6/Linux/Dev/Java/Dev,1483937105.69,1483936983.01,1,4
a6588a36ce94cee06188cd9ba423abb91343b0b4ab48323d25410d76a6c373cfd06123829c3ee45798ae243665bcced72c8950827808c07a243502a58ef2ce82,62.44.109.61,30303,,1483937291.03,1483937291.03,1,4
20df12bc8970433f079c840d6bc5a8d12655ea53c915c0e1481a2d192dbdee9bb3a7c9b4d5d3acc6373334c6625818625b5e39e7836d01a17c4e2911cb85bc9b,54.183.138.48,42482,Ethereum(J)/v1.3.6/Linux/Dev/Java/Dev,1483937586.65,1483937464.42,1,4
9eb53381d3e36f3b58451277f7148f143b3387279a576db79530c979cb15e9d0177d13b37fde702dae2a49ed1a058ad22eb38c5d34bb030b618b6e053088195a,13.95.18.189,46584,Ethereum(J)/v1.3.6/Linux/Release/Java/Dev,1483937669.84,1483937548.15,1,4
370bfa2ce118b8701842593e5ac3f44b2719a89fe79ed90aaf0f7cc2a2c740704711ecd0221a6071c9bf4f2de1906677442682496d6df900418fccaabf6d7194,54.183.138.48,41071,Ethereum(J)/v1.3.6/Linux/Dev/Java/Dev,1483937879.25,1483937756.6,1,4
091529a50439d6781101eaa2c944ae2c32ec06244260ef6286078e4a584d444e3472f95a6662ca59f2c160261df2813d6fdca82a91c4a8d88d4e3cafe52941b1,54.183.138.48,49391,Ethereum(J)/v1.3.6/Linux/Dev/Java/Dev,1483938150.05,1483938020.06,1,4
c3636e61cd25251cee99ee289c44676d19fd869831f1c9516865af6e22599264d148490040b4b3e67bc9be8716142e8bfef54160d6480650bbcc95a64989cfec,54.183.138.48,58887,Ethereum(J)/v1.3.6/Linux/Dev/Java/Dev,1483938890.17,1483938768.44,1,4
f2abf1a9729d504a334dfaea4db421a9476741a3c6de239dae71081c76e66acff69ecdc8182c4f708447f6a3490208f6ea962ebacc7fe93a26c6bdbe36ba62f3,80.168.160.246,38028,Geth/v1.4.4-stable/windows/go1.5.1,1483946415.5,1483946416.07,1.07779225094,4
0088b637e2fe56edc15d25c9f7ffd57e576f0f73c74ce8cceb1ef7e6d318a63858f01071697358f6334fe6865b3ec29026564c48171f25aa7be5b7cebffd2b54,54.183.138.48,55140,Ethereum(J)/v1.3.6/Linux/Dev/Java/Dev,1483939278.69,1483939156.32,1,4
357667b60fa20b0e7b10beba1f1294edf986c96a833464488b0fbc91252091af3b083cd4bcc5e0498897ad576622dc22498979c42dbe8af5a934320da4853a8f,71.12.187.131,30303,,1483939241.59,1483939241.59,1,4
c944b9a1d48f6e9f471caf8747d1ff9f959a7b3de0ec8297ea6b80ea622b70d1eb9c6d8c873c0d095b528cc44079b0ef8b95260bfa9d0ecfe3b8f0a1fa6c0062,62.44.109.61,30303,,1483939247.69,1483939247.69,1,4
5b733cf637845e3af5f4f5ae4ab576bf9eaff50104666f401718a746df9c89c729b76e8b4a23a119de2ca9b5872e1c756d5df13d623f91593a5f05c3b7dfa252,54.183.138.48,57555,Ethereum(J)/v1.3.6/Linux/Dev/Java/Dev,1483939483.01,1483939361.49,1,4
64375605065e6eaa55f6bf197e9eee1474cde0f2a5680646e45635b8386acfcc97675ad8b79ab4333814e6a6099a9f0dd13fc97a1684d9a0662efe300a3bfbbc,54.183.138.48,37938,Ethereum(J)/v1.3.6/Linux/Dev/Java/Dev,1483939483.67,1483939362.01,1,4
4188e979dedae0c415c0df381df1612b4826cb3380cb1857a108572b2c5ae140d27eb48353b1eab2226c2c6fac6fa8f6421118f86e643c9bfbd58e9b1c7d1b96,13.95.19.17,49990,Ethereum(J)/v1.3.6/Linux/Release/Java/Dev,1483939540.66,1483939418.71,1,4
f43b022a34663c05b8ff861ee94aac5b76d1a64524b90dfbacf0c8c6ec2a676b1571dad98d83171980cc1371e73e6390bc8f8a9ea5e0a057f42efb30e51ca8b0,54.183.138.48,42686,Ethereum(J)/v1.3.6/Linux/Dev/Java/Dev,1483939891.99,1483939769.76,1,4
8212e0ab94d461e738722e086eec435f2507bba542ec9eb521d6406b640dfccce33872c1cca783fcf1ab481fb22332dc59ce1047b987973163d5efd52044c901,54.183.138.48,48159,Ethereum(J)/v1.3.6/Linux/Dev/Java/Dev,1483940350.19,1483940228.48,1,4
3a82284c7eb5f2ccbaa0374a41a56facbfe3a6969a45e5ca972fab97e2d50ebd2f869c2d39074373038dcc504add1236ec9bb851d1038214b23ecc625d441bfb,13.95.18.189,34576,Ethereum(J)/v1.3.6/Linux/Release/Java/Dev,1483940568.66,1483940446.75,1,4
a365dc5127084d68a8aefb31b0977fafdcb6e808d265a7f70fc83288fbc4c2876a124f9280eb8e1c8fe50fd382ae3a98e6b057c3f6b33f37cbf9767f4ce752cb,178.62.129.206,30303,,1483940547.02,1483940547.02,1,4
83660ac0c57ccf6cd8f20abc37e96c5f2b275a49d89204f2c52642ee387ad1d3087b911248b93ea344c3518f2e529f0d747560b4096c3a9e8372b8f7937370c4,54.183.138.48,41460,Ethereum(J)/v1.3.6/Linux/Dev/Java/Dev,1483940701.81,1483940580.04,1,4
701b8a17aec68fe32504b824b85a85f1dd0adf70f9765083deaf9a0e37857f73af18fac3d89f5fc09d2c75a8442d48ed8e2c5d4fc8c62441331504d4f6b9bcf5,13.95.18.189,36244,Ethereum(J)/v1.3.6/Linux/Release/Java/Dev,1483940772.84,1483940651.02,1,4
30e83dad945df1e2404172682335ef500109fe40fcb1bf85d48b13e85d1939e9180a403d51912a63cd136374ddebe2e9c8c24ae94678903d5703cc9cf09e9141,54.183.138.48,53967,Ethereum(J)/v1.3.6/Linux/Dev/Java/Dev,1483940822.13,1483940700.82,1,4
245f14cc22d1ad7af1302474bc69f8249bc568b7a8f805a4ff09c29b60666aab266581398b6c9cbd0aceb55589bc07e52d9022fecd30c10ff2e7a6c89b330a45,54.183.138.48,43505,Ethereum(J)/v1.3.6/Linux/Dev/Java/Dev,1483940909.17,1483940787.88,1,4
ef0e32deaac6389dd7b8f14a44504ac962d1d854587e630f153c85d49461a305189170eb0f8bd90b07e23b476f1a7ae45df62d0b0289b40fd1a93328d36de81a,92.129.76.189,30303,,1483941190.61,1483941190.61,1,4
21ae7cdda7accd513ef3dbf34d65fc620e759c9dac65adb2c2d04bc274e21a29eb8c10c8c4635d1eabba461599054c5e7572a29134f0d3f229c77c14fcbb2432,54.183.138.48,60541,Ethereum(J)/v1.3.6/Linux/Dev/Java/Dev,1483941356.88,1483941235.07,1,4
9076167500a24926e3dee3c4ff8fecf5e06f1cfeb8ab4c7bc06a52025410050118f6ecd60e6c59c0b74c4b51eb7472701ca424b5e3bb957515ab87b198818d30,13.95.19.85,55080,Ethereum(J)/v1.3.6/Linux/Release/Java/Dev,1483941740.98,1483941618.51,1,4
7ff718fac9f3f63dcaefa7be0e8da4d64a60d22b36dd17197caa6f9695e940d7094003fc65843b7b691b65a9439bd8727408e46c9512dd143087b4d0254f749b,54.183.138.48,52781,Ethereum(J)/v1.3.6/Linux/Dev/Java/Dev,1483941805.58,1483941684.17,1,4
c3f699741c71b9f57079f56e774fc23aced9d75963ee3730191ae06b1c201e7d093377e6dcc52dabfb474a1740460e25d25eaa1c46c8ab4466b83c7e0a1d49a2,54.183.138.48,46154,Ethereum(J)/v1.3.6/Linux/Dev/Java/Dev,1483942433.38,1483942311.99,1,4
e6570eb071ff477de00e13d95a7ad6a463589d148edfc6f1d1e8ddb07e852138cd573613c08fe9b381361dc2e1bb2af6ed3f4674661fe56978f34f056b942491,54.183.138.48,60992,Ethereum(J)/v1.3.6/Linux/Dev/Java/Dev,1483942606.73,1483942485.0,1,4
22794a91b50379c4ac5dded9fe87d48a86d4de29ab207af3a8045ff57ab85f9dc358386884ce958cdd478144a33d271c3674f01ae062151f0f362ccb70a8609b,54.183.138.48,50249,Ethereum(J)/v1.3.6/Linux/Dev/Java/Dev,1483942772.91,1483942651.71,1,4
84de2d7cb78011f96707dd0b9d3b84cfc8f8e24f65a1fd1118787c52c4c82419d1c4c4f867994366feac47eb1b84808e803a4c738f278611f97047f469487bd3,130.211.89.222,56741,Geth-etherquery/v1.5.0-unstable/linux/go1.6.2,1483946418.11,1483946418.96,3.16771654822,4
1d8ef1a4867991c17f9fe43a50a1d0a663a4bf43939ea41a347970b852a12e021f4ad90103267d80632ef01bdc75c1953d1660b8a587efed483d67cc79440811,76.64.224.122,30303,,1483943161.74,1483943161.74,1,4
a5eec97ed6d718bf8210f8430e7c7ba78ba69266fdfd309b0bc24f09e94ebace96e19c99fbb0c6888024283178ec30c709c8ba36ad656fe2b1f9178b1ce9f84c,54.183.138.48,43094,Ethereum(J)/v1.3.6/Linux/Dev/Java/Dev,1483943628.43,1483943507.33,1,4
a89939eb34b3ebe27cd30eade1761957903c00d7b80bbbd6f539a7a9353201c1892c48b4ca90b15f97fa884b8beb2eb4121a17531ef6bff4ac0dcd686c7dd64f,54.183.138.48,45812,Ethereum(J)/v1.3.6/Linux/Dev/Java/Dev,1483943889.65,1483943768.34,1,4
949dc07f2592b3d22a000c54d720658e5270f63a49e438ead1babb123e7bdda165b1f357147b7d3c8dbf20e19069ef175fe194650630f32965f83c41df8658d1,54.183.138.48,35842,Ethereum(J)/v1.3.6/Linux/Dev/Java/Dev,1483943892.47,1483943769.12,1,4
984380edfc5589d83be41372dc3aeaa0a0b064c336cee8419cc97ccd949fbc3650f38853b5a51f92430e2c79f53ab2da484b1c03fa8d9e06e74b5d32e450566c,76.64.224.122,30303,,1483943806.89,1483943806.89,1,4
5c6e7dc16b1e91bcb56a8c3439caafb7b836d3cee88c10429a19c27ccfd84d153f0361c671ccc2d4c932a8b0d6d86b37e18fe488d677ee40a5a4db11004a20fa,71.12.187.131,30303,,1483943812.59,1483943812.59,1,4
a72655762f024c5ba394bf31222d3302a93d8ac931277b984024cba6f14d26ccd1627cd09ee775b33904fa091a37c5dc7143784bd0a4df792c146dccd16c957e,69.145.235.169,30303,,1483943813.85,1483943813.85,1,4
b14daad5b5c70bf6d247b8ef9b5f885651b3fe6ad353c29060c9512c83b879d370dc721aa563d87ccc35ccc42c54ef459bdbc7e2819562de135368fb860b141f,13.95.19.85,38372,Ethereum(J)/v1.3.6/Linux/Release/Java/Dev,1483944050.76,1483943928.9,1,4
b5437368f35818513a34e04c1e6dd3286af895f19c9eeb34640f88882748e9072bcd9a6f90691a603a76103703655040fd31d2784540f7bd13e5d3ab08a079af,54.183.138.48,39385,Ethereum(J)/v1.3.6/Linux/Dev/Java/Dev,1483944190.14,1483944069.0,1,4
e847162845b2015a8752419cce230f92cb95b076e37afdf48d95b153d6d79bafe79c8b702f8d9f0ffe4a5086c66fc394bfb0115b6964b7190bc9919f69438d8a,13.95.18.189,33108,Ethereum(J)/v1.3.6/Linux/Release/Java/Dev,1483944436.03,1483944314.56,1,4
867c40f3b6d8170d611e91c5b24c8af2a663118fb79f7b2bea9288b9d1bdb8272bfb9b58e3cec1ca96d5c2564b3e5545749533e7ffa6827bd8a02873d555dc34,54.183.138.48,52699,Ethereum(J)/v1.3.6/Linux/Dev/Java/Dev,1483944537.85,1483944415.96,1,4
67b229489beddfe637b49a7d8cef6bc6f7cac16446256a27e949d8dfc5c28dcafd7a5de6291ca9364fa580690b3f9ee329fd61dad5e7de8df0cff3f7bb90a4bc,127.0.0.1,30303,,1483944464.78,1483944464.78,1,4
997725641514408e5ff3a63653993ec42651e722678714be6c2894e6a27168f6e1558e1abbad736be54f14db771c59de69d55e30ed3b5a1e91c7e4cfe3070ee0,54.183.138.48,48718,Ethereum(J)/v1.3.6/Linux/Dev/Java/Dev,1483944957.64,1483944833.37,1,4
58a0a35804e002cf556e8bc6d763f834f2db6c30afe9281455aa74c1cd0c4839749e49eab4b2d2cec2a4fe7080a22ca7335c7b01e95518fd5bfb7dcbad945942,54.183.138.48,53474,Ethereum(J)/v1.3.6/Linux/Dev/Java/Dev,1483945333.39,1483945203.44,1,4
d139a4b546afae129178e398efae97fa462c083425d999aebb92fbf2c6ab689a54de5ab57399c9f6153ca6e26b47e38d74a1cc7d26d4c6de5f9f0043d443eea8,143.255.143.130,39723,Geth/v1.3.4/linux/go1.6,1483946418.44,1483946419.22,0.737179514524,4
eb08ce1c475f0eb5ea1338ed53519c1194b5cdf9da93d795868654e2a7a2d2cf69b3d348168b123f44391e15936595fa9a5fafa647919f884f092e00859f29d2,54.183.138.48,57689,Ethereum(J)/v1.3.6/Linux/Dev/Java/Dev,1483945669.85,1483945549.58,1,4
2e51adc39c837c1604c8009b50b3981a92b27870f5149fa0497af054175d4a2f0bfc1135e3afc227e6a1dbd67411eb1062d9b33d54699d2beb2dadada9964a9d,54.183.138.48,36007,Ethereum(J)/v1.3.6/Linux/Dev/Java/Dev,1483945673.5,1483945553.21,1,4
2072279c1ed07d8fcc56429374513223ab0bf62440d62272e16204e7d6f68108534ee1ada97161e5b560c865c3f295b69ec5f77f649e169f1aa4bde3d5eec290,50.94.175.192,30303,Geth/v1.5.5-stable-ff07d548/windows/go1.7.4,1483945763.45,1483945747.35,1,4
2b785af853c65657cedde73af840d29a6cd42cab57f28241e73d01af0ca71c4e25c820d2a89ad9ae9dffd9747f92bab97fb24632d11954425db9f374341a86c3,84.102.78.33,30303,,1483945768.01,1483945768.01,1,4
99dff2b8f150ef166265499fd0db4695b7fd2baff63fcc81d9b12698245a4dea4f69869804545a4cd5b109267caa4861138b0de9891508f685ad7e429b302ea9,54.183.138.48,34730,Ethereum(J)/v1.3.6/Linux/Dev/Java/Dev,1483946104.98,1483945984.5,1,4
